id,source,url,domain,published_at,lang,title,description,image_url,image_path,label,label_source,full_text,text_length,word_count
6841c18afd60058169f976304917c710d32949e8,rss,https://www.lemonde.fr/politique/article/2026/07/09/il-a-la-vie-devant-lui-apres-un-an-a-penser-a-l-elysee-jordan-bardella-ramene-a-sa-condition-de-numero-deux_6722025_823448.html,lemonde.fr,2026-07-09T04:30:05+00:00,fr,"« Il a la vie devant lui » : après un an à penser à l’Elysée, Jordan Bardella ramené à sa condition de numéro deux","Le président du Rassemblement national a affiché un visage fermé lors de la première sortie de précampagne de Marine Le Pen, qu’il n’a pas même félicitée pour sa candidature à l’élection présidentielle de 2027. La décision de justice du 7 juillet dans l’affaire des assistants parlementaires européens devrait trancher les querelles de ligne.",https://img.lemde.fr/2026/07/08/0/0/4724/2362/644/322/60/0/7939869_upload-1-kvupyk3hfntk-mmagnin-le-pen-bardella-a-la-fleche-42.jpg,data/images/6841c18afd60058169f976304917c710d32949e8.jpg,unknown,none,"« Il a la vie devant lui » : après un an à penser à l’Elysée, Jordan Bardella ramené à sa condition de numéro deux. Le président du Rassemblement national a affiché un visage fermé lors de la première sortie de précampagne de Marine Le Pen, qu’il n’a pas même félicitée pour sa candidature à l’élection présidentielle de 2027. La décision de justice du 7 juillet dans l’affaire des assistants parlementaires européens devrait trancher les querelles de ligne.",458,78
1080049dc4394fd18552a184b28ccdb1e7b5dabf,rss,https://www.lemonde.fr/international/article/2026/07/09/au-sommet-de-l-otan-donald-trump-alterne-menaces-et-effusions-rassure-ses-allies-et-apporte-un-nouveau-soutien-a-l-ukraine_6722015_3210.html,lemonde.fr,2026-07-09T03:36:07+00:00,fr,"Au sommet de l’OTAN, Donald Trump alterne menaces et effusions, rassure ses alliés et apporte un nouveau soutien à l’Ukraine","En Turquie, le président américain, après avoir critiqué l’Espagne et rappelé ses visées sur le Groenland, a assuré de son engagement en faveur de la clause d’assistance mutuelle de l’Alliance et autorisé Kiev à produire sous licence des missiles Patriot.",https://img.lemde.fr/2026/07/08/0/0/5097/2548/644/322/60/0/8c1d9f0_ftp-1-e2ypfm424fop-2026-07-08t104306z-1833425710-rc2m9ma37b01-rtrmadp-3-nato-summit-trump.JPG,data/images/1080049dc4394fd18552a184b28ccdb1e7b5dabf.jpg,unknown,none,"Au sommet de l’OTAN, Donald Trump alterne menaces et effusions, rassure ses alliés et apporte un nouveau soutien à l’Ukraine. En Turquie, le président américain, après avoir critiqué l’Espagne et rappelé ses visées sur le Groenland, a assuré de son engagement en faveur de la clause d’assistance mutuelle de l’Alliance et autorisé Kiev à produire sous licence des missiles Patriot.",381,60
ab355db47a908eefd2f713afa416f0d21bf5880b,rss,https://www.lemonde.fr/planete/article/2026/07/09/le-haut-conseil-pour-le-climat-alerte-sur-l-urgence-de-changer-d-echelle-dans-les-politiques-climatiques_6722027_3244.html,lemonde.fr,2026-07-09T04:55:03+00:00,fr,Le Haut Conseil pour le climat alerte sur l’urgence de « changer d’échelle » dans les politiques climatiques,"Alors que la France subit une troisième canicule en moins de deux mois, l’instance dénonce le ralentissement de la décarbonation et les reculs de certaines politiques environnementales. Elle juge que le pays n’est pas préparé aux impacts croissants du réchauffement.",https://img.lemde.fr/2026/07/08/874/0/5608/2804/644/322/60/0/7248521_ftp-1-pw663ibx2hrm-5569202-01-06.jpg,data/images/ab355db47a908eefd2f713afa416f0d21bf5880b.jpg,unknown,none,"Le Haut Conseil pour le climat alerte sur l’urgence de « changer d’échelle » dans les politiques climatiques. Alors que la France subit une troisième canicule en moins de deux mois, l’instance dénonce le ralentissement de la décarbonation et les reculs de certaines politiques environnementales. Elle juge que le pays n’est pas préparé aux impacts croissants du réchauffement.",376,58
196ed4b745265b6cc3bc1212c67ca7d6f727695e,rss,https://www.lemonde.fr/international/article/2026/07/09/entre-l-iran-et-les-etats-unis-la-reprise-des-hostilites-illustre-la-grande-defiance-de-teheran-vis-a-vis-des-negociations_6722010_3210.html,lemonde.fr,2026-07-09T03:05:01+00:00,fr,"Entre l’Iran et les Etats-Unis, la reprise des hostilités illustre la grande défiance de Téhéran vis-à-vis des négociations","Les échanges de frappes entre les deux pays depuis la nuit de mardi à mercredi donnent des arguments à la frange ultraconservatrice du régime théocratique, qui considère les discussions avec Washington comme vaines, voire criminelles. Le cessez-le-feu ne tient plus qu’à un fil.",https://img.lemde.fr/2026/07/06/744/0/4432/2216/644/322/60/0/c9d4d74_ftp-1-uqs29kaulufr-2026-07-06t035729z-603456941-rc228mak9ddi-rtrmadp-3-iran-crisis-khamenei.JPG,data/images/196ed4b745265b6cc3bc1212c67ca7d6f727695e.jpg,unknown,none,"Entre l’Iran et les Etats-Unis, la reprise des hostilités illustre la grande défiance de Téhéran vis-à-vis des négociations. Les échanges de frappes entre les deux pays depuis la nuit de mardi à mercredi donnent des arguments à la frange ultraconservatrice du régime théocratique, qui considère les discussions avec Washington comme vaines, voire criminelles. Le cessez-le-feu ne tient plus qu’à un fil.",403,61
9af96a21c93cc9716ab4fbb2204ce8c471d3929b,rss,https://www.lemonde.fr/international/article/2026/07/09/aux-etats-unis-la-chute-du-democrate-gerald-platner-menace-d-empecher-le-parti-d-emporter-le-congres_6722026_3210.html,lemonde.fr,2026-07-09T04:30:05+00:00,fr,"Aux Etats-Unis, la chute du démocrate Graham Platner menace d’empêcher le parti d’emporter le Sénat","Le candidat aux sénatoriales de novembre dans l’Etat du Maine, représentant de l’aile gauche populiste qui bouscule le Parti démocrate, a dû jeter l’éponge, mercredi, après une série de scandales.",https://img.lemde.fr/2026/07/09/39/0/6000/3000/644/322/60/0/0e59d52_upload-1-jo3d0tvc7lvl-063-2280200612.jpg,data/images/9af96a21c93cc9716ab4fbb2204ce8c471d3929b.jpg,unknown,none,"Aux Etats-Unis, la chute du démocrate Graham Platner menace d’empêcher le parti d’emporter le Sénat. Le candidat aux sénatoriales de novembre dans l’Etat du Maine, représentant de l’aile gauche populiste qui bouscule le Parti démocrate, a dû jeter l’éponge, mercredi, après une série de scandales.",297,45
34108970b94cf73292bc4c0ca982c7aa53267374,newsdata,https://www.dakaractu.com/El-Talenton-Senegal-Gambie-2026-Samba-Sall-mobilise-le-monde-universitaire--autour-de-l-innovation-de-l_a274255.html,dakaractu.com,2026-07-23T23:02:00+00:00,fr,"El Talentón Sénégal & Gambie 2026 : Samba Sall mobilise le monde universitaire[...], autour de l'innovation, de l'entrepreneuriat et du développement","La première étape officielle d'El Talentón Sénégal & Gambie 2026, dédiée à l'innovation, à l'entrepreneuriat, à la recherche scientifique et à la coopération internationale entre le Sénégal et la Gambie, s'est tenue à l'Université Cheikh Anta Diop de Dakar. Placée sous le haut patronage de Son Excellence Monsieur Bassirou Diomaye Faye, Président de la République du Sénégal, et sous le marrainage de Madame Aminata Touré, Superviseure générale de la Coalition Diomaye Président, cette première étape a rassemblé des autorités universitaires, des chercheurs, des étudiants, des entrepreneurs, des partenaires techniques et financiers, des représentants des institutions publiques, des collectivités territoriales et des délégations internationales autour d'une ambition commune : faire de la jeunesse le principal moteur du développement économique, scientifique et technologique de l'Afrique. Sous l'impulsion de Samba Sall, Maire de Dabaly (département de Nioro) et Président de l'Alliance Internationale pour l'Espoir et le Développement (AIED), El Talentón est ainsi une plateforme internationale de coopération, de transfert de compétences, de mise en réseau des talents et de création d'opportunités économiques pour les jeunes et les femmes. Forte mobilisation des universitaires Des délégations issues des universités de Dakar, Ziguinchor, Bambey, Thiès et d'autres établissements d'enseignement supérieur ont répondu présent. Les étudiants ont présenté des projets innovants dans les domaines de l'agriculture intelligente, de l'intelligence artificielle, de la santé, de l'environnement, des technologies numériques, de l'économie verte, de l'éducation, des énergies renouvelables et de l'entrepreneuriat social, démontrant ainsi l'immense potentiel de la jeunesse sénégalaise. Les travaux ont également permis aux jeunes innovateurs d'échanger directement avec des universitaires, des experts, des entrepreneurs et des décideurs publics, ouvrant ainsi de nouvelles perspectives de financement, d'accompagnement technique et de partenariats. Dans son allocution, Samba Sall a rendu un vibrant hommage au Président Bassirou Diomaye Faye pour sa vision d'un Sénégal fondé sur la souveraineté, l'innovation, la valorisation du capital humain et l'entrepreneuriat des jeunes. Il a également salué l'engagement constant de Madame Aminata Touré, dont le soutien et les orientations ont largement contribué au succès de cette première étape. Le Président de l'AIED a insisté sur la nécessité de rapprocher les universités, les collectivités territoriales, les entreprises, les investisseurs et les partenaires internationaux afin de transformer les idées des jeunes en entreprises créatrices d'emplois, de richesse et de solutions concrètes pour les territoires. Il a également adressé ses chaleureuses félicitations au comité d'organisation dirigé par Madame Dia Thiam, enseignante-chercheure. La cérémonie a été honorée par la présence du Dr Abdoulaye Niane, Directeur général de la DER/FJ, représentant le Président de la République et Madame Aminata Touré. Enseignant-chercheur reconnu, il a livré un message fort en faveur de l'innovation, de l'entrepreneuriat et de l'accompagnement des jeunes et des femmes porteurs de projets. Dans son intervention, il a réaffirmé l'engagement de la DER/FJ à soutenir les initiatives innovantes, à favoriser l'accès au financement et à accompagner les entrepreneurs dans la création d'activités génératrices d'emplois. En effet, cette première étape a également permis de renforcer les liens entre les universités sénégalaises et les partenaires internationaux engagés dans El Talentón, ouvrant la voie à de futurs programmes de recherche, de formation, de mobilité académique, d'innovation et d'investissement. Au-delà de son caractère académique, El Talentón Sénégal & Gambie 2026 constitue désormais un véritable levier diplomatique, économique et territorial, favorisant les échanges entre les collectivités locales, les universités, les entreprises et les institutions publiques des deux pays. Après Dakar, la caravane poursuivra son parcours à Dabaly, où les populations, les autorités administratives, les élus, les organisations de femmes et de jeunes, les producteurs et les partenaires internationaux se retrouveront autour des questions de développement local, d'agriculture, d'emploi, d'autonomisation économique des femmes, de financement des projets et d'attractivité territoriale. L'événement se poursuivra ensuite en République de Gambie, où les autorités gambiennes, les universités, les entrepreneurs et les jeunes participeront à cette dynamique de coopération sous-régionale, renforçant ainsi les liens historiques entre les deux pays. En somme, l'objectif est de faire d'El Talentón Sénégal & Gambie une plateforme de référence en Afrique de l'Ouest, capable de connecter les talents, les universités, les collectivités territoriales, les investisseurs et les institutions autour d'une vision commune : faire de l'innovation, de la recherche scientifique, de l'entrepreneuriat et de la coopération internationale les piliers d'un développement inclusif, durable et créateur d'emplois pour la jeunesse africaine. www.dakaractu.com",https://www.dakaractu.com/photo/art/grande/97450448-67867358.jpg?v=1784847799,data/images/34108970b94cf73292bc4c0ca982c7aa53267374.jpg,unknown,none,"El Talentón Sénégal & Gambie 2026 : Samba Sall mobilise le monde universitaire[...], autour de l'innovation, de l'entrepreneuriat et du développement. La première étape officielle d'El Talentón Sénégal & Gambie 2026, dédiée à l'innovation, à l'entrepreneuriat, à la recherche scientifique et à la coopération internationale entre le Sénégal et la Gambie, s'est tenue à l'Université Cheikh Anta Diop de Dakar. Placée sous le haut patronage de Son Excellence Monsieur Bassirou Diomaye Faye, Président de la République du Sénégal, et sous le marrainage de Madame Aminata Touré, Superviseure générale de la Coalition Diomaye Président, cette première étape a rassemblé des autorités universitaires, des chercheurs, des étudiants, des entrepreneurs, des partenaires techniques et financiers, des représentants des institutions publiques, des collectivités territoriales et des délégations internationales autour d'une ambition commune : faire de la jeunesse le principal moteur du développement économique, scientifique et technologique de l'Afrique. Sous l'impulsion de Samba Sall, Maire de Dabaly (département de Nioro) et Président de l'Alliance Internationale pour l'Espoir et le Développement (AIED), El Talentón est ainsi une plateforme internationale de coopération, de transfert de compétences, de mise en réseau des talents et de création d'opportunités économiques pour les jeunes et les femmes. Forte mobilisation des universitaires Des délégations issues des universités de Dakar, Ziguinchor, Bambey, Thiès et d'autres établissements d'enseignement supérieur ont répondu présent. Les étudiants ont présenté des projets innovants dans les domaines de l'agriculture intelligente, de l'intelligence artificielle, de la santé, de l'environnement, des technologies numériques, de l'économie verte, de l'éducation, des énergies renouvelables et de l'entrepreneuriat social, démontrant ainsi l'immense potentiel de la jeunesse sénégalaise. Les travaux ont également permis aux jeunes innovateurs d'échanger directement avec des universitaires, des experts, des entrepreneurs et des décideurs publics, ouvrant ainsi de nouvelles perspectives de financement, d'accompagnement technique et de partenariats. Dans son allocution, Samba Sall a rendu un vibrant hommage au Président Bassirou Diomaye Faye pour sa vision d'un Sénégal fondé sur la souveraineté, l'innovation, la valorisation du capital humain et l'entrepreneuriat des jeunes. Il a également salué l'engagement constant de Madame Aminata Touré, dont le soutien et les orientations ont largement contribué au succès de cette première étape. Le Président de l'AIED a insisté sur la nécessité de rapprocher les universités, les collectivités territoriales, les entreprises, les investisseurs et les partenaires internationaux afin de transformer les idées des jeunes en entreprises créatrices d'emplois, de richesse et de solutions concrètes pour les territoires. Il a également adressé ses chaleureuses félicitations au comité d'organisation dirigé par Madame Dia Thiam, enseignante-chercheure. La cérémonie a été honorée par la présence du Dr Abdoulaye Niane, Directeur général de la DER/FJ, représentant le Président de la République et Madame Aminata Touré. Enseignant-chercheur reconnu, il a livré un message fort en faveur de l'innovation, de l'entrepreneuriat et de l'accompagnement des jeunes et des femmes porteurs de projets. Dans son intervention, il a réaffirmé l'engagement de la DER/FJ à soutenir les initiatives innovantes, à favoriser l'accès au financement et à accompagner les entrepreneurs dans la création d'activités génératrices d'emplois. En effet, cette première étape a également permis de renforcer les liens entre les universités sénégalaises et les partenaires internationaux engagés dans El Talentón, ouvrant la voie à de futurs programmes de recherche, de formation, de mobilité académique, d'innovation et d'investissement. Au-delà de son caractère académique, El Talentón Sénégal & Gambie 2026 constitue désormais un véritable levier diplomatique, économique et territorial, favorisant les échanges entre les collectivités locales, les universités, les entreprises et les institutions publiques des deux pays. Après Dakar, la caravane poursuivra son parcours à Dabaly, où les populations, les autorités administratives, les élus, les organisations de femmes et de jeunes, les producteurs et les partenaires internationaux se retrouveront autour des questions de développement local, d'agriculture, d'emploi, d'autonomisation économique des femmes, de financement des projets et d'attractivité territoriale. L'événement se poursuivra ensuite en République de Gambie, où les autorités gambiennes, les universités, les entrepreneurs et les jeunes participeront à cette dynamique de coopération sous-régionale, renforçant ainsi les liens historiques entre les deux pays. En somme, l'objectif est de faire d'El Talentón Sénégal & Gambie une plateforme de référence en Afrique de l'Ouest, capable de connecter les talents, les universités, les collectivités territoriales, les investisseurs et les institutions autour d'une vision commune : faire de l'innovation, de la recherche scientifique, de l'entrepreneuriat et de la coopération internationale les piliers d'un développement inclusif, durable et créateur d'emplois pour la jeunesse africaine. www.dakaractu.com.",5520,729
6d030efe3e3c93708b6e5e9a6d40f3dfc909e1d6,newsdata,https://www.lecharlevoisien.com/2026/07/23/photos-pierre-lapointe-donne-le-ton-au-festif/,lecharlevoisien.com,2026-07-23T23:00:00+00:00,fr,PHOTOS | Pierre Lapointe donne le ton au Festif!,"Pierre Lapointe a lancé de brillante façon la programmation de la scène Loto-Québec, au parc de la Virevolte, cet après-midi, en offrant une prestation chaleureuse devant une foule déjà bien installée. En grande forme et visiblement heureux d’être de retour au Festif!, l’artiste a multiplié les échanges avec les festivaliers. Fidèle à son style, il [...] The post PHOTOS | Pierre Lapointe donne le ton au Festif! appeared first on Le Charlevoisien .",https://www.lecharlevoisien.com/wp-content/uploads/2026/07/IMG_0693-scaled.jpeg,data/images/6d030efe3e3c93708b6e5e9a6d40f3dfc909e1d6.jpg,unknown,none,"PHOTOS | Pierre Lapointe donne le ton au Festif!. Pierre Lapointe a lancé de brillante façon la programmation de la scène Loto-Québec, au parc de la Virevolte, cet après-midi, en offrant une prestation chaleureuse devant une foule déjà bien installée. En grande forme et visiblement heureux d’être de retour au Festif!, l’artiste a multiplié les échanges avec les festivaliers. Fidèle à son style, il [...] The post PHOTOS | Pierre Lapointe donne le ton au Festif! appeared first on Le Charlevoisien .",514,82
fab1d4e63f5bf169b4bee3e29aec4530ca6b19ad,newsdata,https://www.lapresse.ca/arts/musique/2026-07-23/oliver-jones-1934-2026/l-histoire-d-une-longue-amitie-avec-le-festival-de-jazz.php,lapresse.ca,2026-07-23T23:00:00+00:00,fr,Oliver Jones 1934-2026 | L’histoire d’une longue amitié avec le Festival de jazz,"Un lien profond et durable a uni Oliver Jones au Festival international de jazz de Montréal (FIJM) où il s’est produit une bonne vingtaine de fois en 30 ans. Alain Simard, cofondateur de l’évènement et producteur du premier disque du pianiste, revient sur leur histoire.",https://mobile-img.lpcdn.ca/v2/924x/r3996/d298e21c1acf38dfbff1ce4b11a04f5a.jpg,data/images/fab1d4e63f5bf169b4bee3e29aec4530ca6b19ad.jpg,unknown,none,"Oliver Jones 1934-2026 | L’histoire d’une longue amitié avec le Festival de jazz. Un lien profond et durable a uni Oliver Jones au Festival international de jazz de Montréal (FIJM) où il s’est produit une bonne vingtaine de fois en 30 ans. Alain Simard, cofondateur de l’évènement et producteur du premier disque du pianiste, revient sur leur histoire.",357,58
b329a4f636f80af4da65ea288368b7fc3652e9c0,newsdata,https://fr.vietnamplus.vn/actualite-de-la-semaine-ouverture-du-troisieme-plenum-du-comite-central-du-parti-du-14e-mandat-post266267.vnp,fr.vietnamplus.vn,2026-07-23T23:00:00+00:00,fr,Actualité de la semaine : Ouverture du troisième Plénum du Comité central du Parti du 14e mandat,"Le Comité central du Parti communiste du Vietnam du 14e mandat a ouvert, le 20 juillet, son troisième Plénum, consacré à l’examen de questions majeures relatives à la mise en œuvre de la Résolution du 14e Congrès national sur l’édification du Parti, le renforcement du système politique et le développement du pays.",https://mediafr.vietnamplus.vn/images/f7bdd265dc3b1373bc7e1f8305ab7b24c38e90db431818c4088a1f76db3aa50da64255b1af859ea15eb8596f24372fe4766bd3cbac325ea555bcb9e9c40c4546/vnanet-plenum.jpg.webp,data/images/b329a4f636f80af4da65ea288368b7fc3652e9c0.webp,unknown,none,"Actualité de la semaine : Ouverture du troisième Plénum du Comité central du Parti du 14e mandat. Le Comité central du Parti communiste du Vietnam du 14e mandat a ouvert, le 20 juillet, son troisième Plénum, consacré à l’examen de questions majeures relatives à la mise en œuvre de la Résolution du 14e Congrès national sur l’édification du Parti, le renforcement du système politique et le développement du pays.",428,69
026b92db3e3601a0fb1933c749ff0145e01259e6,newsdata,http://www.cridem.org/C_Info.php?article=795192,cridem.org,2026-07-23T23:00:00+00:00,fr,Migration vers l’IPV6 : tous les opérateurs ont déployé le nouveau protocole,"M. Ahmed Salem Ould Bede, Ministre de la Transformation Numérique et de la Modernisation de l’Administration, a présidé une réunion du Comité...",http://www.cridem.org/media/photos/photo/mtnima_5857229116788.jpg,data/images/026b92db3e3601a0fb1933c749ff0145e01259e6.jpg,unknown,none,"Migration vers l’IPV6 : tous les opérateurs ont déployé le nouveau protocole. M. Ahmed Salem Ould Bede, Ministre de la Transformation Numérique et de la Modernisation de l’Administration, a présidé une réunion du Comité.",228,34
512f706504b0a0075cc9c0fa0b067fbd4febed10,newsdata,https://www.europe1.fr/societe/ile-de-france-fortes-perturbations-sur-plusieurs-lignes-rer-apres-les-orages-1038881,europe1.fr,2026-08-27T19:34:00+00:00,fr,Île-de-France : fortes perturbations sur plusieurs lignes RER après les orages,"Les lignes RER A, C, D et E sont perturbées voire interrompues après que les orages survenus en fin de journée en région parisienne jeudi ont provoqué la chute de ""plusieurs obstacles"", selon SNCF Réseau. ""A la suite des intempéries qui touchent actuellement l' Île-de-France, plusieurs obstacles sont tombés sur les voies entre Juvisy et Paris-Austerlitz, entraînant l'interruption des circulations en direction de Paris"", indiquait SNCF Réseau à l'AFP à 20H30. L'annonce concerne principalement la ligne C, depuis Juvisy et Massy-Palaiseau, mais aussi les trains en provenance d'Orléans et Tours à destination de Paris-Austerlitz, qui affichent entre 2 et 4 heures de retard. ""Un arbre est sur les voies"" entre Gare de Lyon et Maisons-Alfort ""Les reprises de circulation dans ce sens est estimée en fin de soirée"", a ajouté le gestionnaire, qui précise que les trains au départ de Paris-Austerlitz circulent normalement. La SNCF ajoute sur son site que...",https://static.europe1.fr/var/europe1/storage/media/image/2026/08/27/21/080_hl_cserie_2478697_1_1_6a90924785877.jpg,data/images/512f706504b0a0075cc9c0fa0b067fbd4febed10.jpg,unknown,none,"Île-de-France : fortes perturbations sur plusieurs lignes RER après les orages. Les lignes RER A, C, D et E sont perturbées voire interrompues après que les orages survenus en fin de journée en région parisienne jeudi ont provoqué la chute de ""plusieurs obstacles"", selon SNCF Réseau. ""A la suite des intempéries qui touchent actuellement l' Île-de-France, plusieurs obstacles sont tombés sur les voies entre Juvisy et Paris-Austerlitz, entraînant l'interruption des circulations en direction de Paris"", indiquait SNCF Réseau à l'AFP à 20H30. L'annonce concerne principalement la ligne C, depuis Juvisy et Massy-Palaiseau, mais aussi les trains en provenance d'Orléans et Tours à destination de Paris-Austerlitz, qui affichent entre 2 et 4 heures de retard. ""Un arbre est sur les voies"" entre Gare de Lyon et Maisons-Alfort ""Les reprises de circulation dans ce sens est estimée en fin de soirée"", a ajouté le gestionnaire, qui précise que les trains au départ de Paris-Austerlitz circulent normalement. La SNCF ajoute sur son site que.",1057,161
2543eecaaedc4523bbf692eabb0ee8a423c9fe7e,newsdata,https://www.linfodrome.com/societe/124839-vaste-operation-de-la-bssi-sur-les-berges-du-fleuve-bagoue-des-orpailleurs-en-fuite-leurs-materiels-detruits,linfodrome.com,2026-08-27T19:34:00+00:00,fr,"Vaste opération de la BSSI sur les berges du fleuve Bagoué : Des orpailleurs en fuite, leurs matériels détruits","La Brigade Spéciale de Surveillance et d’Intervention (BSSI) a mené, ce jeudi 27 août 2026, une opération dans les localités de Basso et Papara, sur les berges du fleuve Bagoué. Informés de l’arrivée des agents, les orpailleurs clandestins ont vite déserté leurs différents sites, abandonnant sur place leurs matériels.",https://www.linfodrome.com/media/article/images/src/124839-orpaillage-bagoue.webp,data/images/2543eecaaedc4523bbf692eabb0ee8a423c9fe7e.webp,unknown,none,"Vaste opération de la BSSI sur les berges du fleuve Bagoué : Des orpailleurs en fuite, leurs matériels détruits. La Brigade Spéciale de Surveillance et d’Intervention (BSSI) a mené, ce jeudi 27 août 2026, une opération dans les localités de Basso et Papara, sur les berges du fleuve Bagoué. Informés de l’arrivée des agents, les orpailleurs clandestins ont vite déserté leurs différents sites, abandonnant sur place leurs matériels.",448,68
8543c412902e37c2178745cfca3e1400a3bc1068,newsdata,https://www.lesaffaires.com/secteurs/politique/qs-ce-nest-pas-une-campagne-comme-les-autres/,lesaffaires.com,2026-08-27T19:33:52+00:00,fr,QS: «Ce n’est pas une campagne comme les autres»,Ruba Ghazal promet «une économie à votre service». The post QS: «Ce n’est pas une campagne comme les autres» appeared first on Les Affaires .,https://shared-dev-lesaffaires.s3.amazonaws.com/uploads/2026/08/9254c636882825aa6efedd14a984c5b568d66a1ee5e37b9b6a8fd28b9d38cd43.jpg,data/images/8543c412902e37c2178745cfca3e1400a3bc1068.jpg,unknown,none,QS: «Ce n’est pas une campagne comme les autres». Ruba Ghazal promet «une économie à votre service». The post QS: «Ce n’est pas une campagne comme les autres» appeared first on Les Affaires .,193,34
db79b49a3380f00bb4579c228e7edcf3f0c846ed,newsdata,https://fr.ign.com/grand-theft-auto-6/91641/rockstar-sen-fout-si-laspect-romantique-de-gta-6-ne-vous-touche-pas-peu-importe-cest-vous-qui-voyez,fr.ign.com,2026-08-27T19:33:36+00:00,fr,"Rockstar s'en fout si l'aspect romantique de GTA 6 ne vous touche pas : ""Peu importe, c'est vous qui voyez""","Rob Nelson, de Rockstar, explique le rôle que joue la romance entre Jason et Lucia dans GTA 6.",https://sm.ign.com/ign_fr/news/r/rockstar-d/rockstar-doesnt-mind-if-you-dislike-gta-6s-romantic-side-don_ax34.jpg,data/images/db79b49a3380f00bb4579c228e7edcf3f0c846ed.jpg,unknown,none,"Rockstar s'en fout si l'aspect romantique de GTA 6 ne vous touche pas : ""Peu importe, c'est vous qui voyez"". Rob Nelson, de Rockstar, explique le rôle que joue la romance entre Jason et Lucia dans GTA 6.",204,38
ab2218fab9a1736021b3e8c4404f3fb50a578d6c,newsdata,https://www.sudouest.fr/pyrenees-atlantiques/pau/des-centaines-de-personnes-sur-liste-d-attente-a-pau-on-s-arrache-les-velos-electriques-mis-a-dispo-par-l-agglo-30387729.php,sudouest.fr,2026-08-27T19:33:34+00:00,fr,"« Des centaines de personnes sur liste d’attente » : à Pau, on s’arrache les vélos électriques mis à dispo par l’Agglo","Un carton plein. Les services de vélos électriques en libre-service et en location longue durée proposés par Idecyle, via l’Agglo, sont un grand succès populaire. Pour la longue durée, malgré un réassort",https://media.sudouest.fr/30387729/1200x600/1000076479.jpg,data/images/ab2218fab9a1736021b3e8c4404f3fb50a578d6c.jpg,unknown,none,"« Des centaines de personnes sur liste d’attente » : à Pau, on s’arrache les vélos électriques mis à dispo par l’Agglo. Un carton plein. Les services de vélos électriques en libre-service et en location longue durée proposés par Idecyle, via l’Agglo, sont un grand succès populaire. Pour la longue durée, malgré un réassort.",336,54
a4fe0b0f082b9d29d813cac9cfe28454507bed21,rss,https://www.lemonde.fr/international/article/2026/08/28/a-l-etranger-la-cavale-tres-politique-de-la-chroniqueuse-de-cnews-xenia-fedorova_6758739_3210.html,lemonde.fr,2026-08-28T03:00:00+00:00,fr,"Pour Xenia Fedorova, la chroniqueuse russe de CNews, une « cavale » très politique à l’étranger","La vedette du groupe Bolloré est passée par Nice, fin juillet, avant de disparaître après l’arrêté d’expulsion de France qui la visait. Après ce coup de force français, la question de sa candidature à la direction de la Maison russe à Berlin, très liée au Kremlin, a déclenché une cascade de réactions politiques en Allemagne.",https://img.lemde.fr/2026/08/27/665/0/1980/990/644/322/60/0/031ab21_upload-1-k6xsnufj5dxi-000-c3ua3kf.jpg,data/images/a4fe0b0f082b9d29d813cac9cfe28454507bed21.jpg,unknown,none,"Pour Xenia Fedorova, la chroniqueuse russe de CNews, une « cavale » très politique à l’étranger. La vedette du groupe Bolloré est passée par Nice, fin juillet, avant de disparaître après l’arrêté d’expulsion de France qui la visait. Après ce coup de force français, la question de sa candidature à la direction de la Maison russe à Berlin, très liée au Kremlin, a déclenché une cascade de réactions politiques en Allemagne.",423,71
4c8bad97f1f718251934d6331718c908e986da46,rss,https://www.lemonde.fr/politique/article/2026/08/28/presidentielle-2027-les-enjeux-economiques-au-c-ur-du-debut-de-la-campagne_6758953_823448.html,lemonde.fr,2026-08-28T04:51:37+00:00,fr,Présidentielle 2027 : le clivage gauche-droite s’impose en début de campagne sur les enjeux économiques,"Sept prétendants à l’Elysée ont confronté leurs diagnostics et leurs convictions sur la fiscalité et les retraites, la dette et le coût du travail, jeudi 27 août, au stade Roland-Garros, à l’invitation du Medef, lors de la Rencontre des entrepreneurs de France.",https://img.lemde.fr/2026/08/27/1000/0/6000/3000/644/322/60/0/1560ea1_upload-1-bfppqemn3poc-cbi1332164.jpg,data/images/4c8bad97f1f718251934d6331718c908e986da46.jpg,unknown,none,"Présidentielle 2027 : le clivage gauche-droite s’impose en début de campagne sur les enjeux économiques. Sept prétendants à l’Elysée ont confronté leurs diagnostics et leurs convictions sur la fiscalité et les retraites, la dette et le coût du travail, jeudi 27 août, au stade Roland-Garros, à l’invitation du Medef, lors de la Rencontre des entrepreneurs de France.",366,57
67e3fe76d908ed89ea55fefe46eb5d5987b37257,rss,https://www.lemonde.fr/planete/article/2026/08/28/inondations-au-nepal-et-au-tibet-apres-la-vague-meurtriere-des-habitants-sideres-par-la-violence-de-la-catastrophe_6758842_3244.html,lemonde.fr,2026-08-28T03:55:19+00:00,fr,"Inondations au Népal et au Tibet : après la vague meurtrière, des habitants sidérés par la violence de la catastrophe","Alors que l’aide internationale commence à peine à arriver, les autorités chinoises ont émis une alerte contre le « risque élevé » de rupture d’un lac de retenue formé à la suite de la coulée de boue, qui pourrait provoquer une deuxième crue dans les jours à venir.",https://img.lemde.fr/2026/08/27/730/0/5174/2587/644/322/60/0/beb6d59_ftp-1-ujxlvu6pa4ql-5928379-01-06.jpg,data/images/67e3fe76d908ed89ea55fefe46eb5d5987b37257.jpg,unknown,none,"Inondations au Népal et au Tibet : après la vague meurtrière, des habitants sidérés par la violence de la catastrophe. Alors que l’aide internationale commence à peine à arriver, les autorités chinoises ont émis une alerte contre le « risque élevé » de rupture d’un lac de retenue formé à la suite de la coulée de boue, qui pourrait provoquer une deuxième crue dans les jours à venir.",384,68
bb1f6dac8fbf167581ec6720618c7149a848e5ef,rss,https://www.lemonde.fr/disparitions/article/2026/08/28/harald-v-le-tres-populaire-roi-de-norvege-depuis-plus-de-trente-ans-est-mort_6758962_3382.html,lemonde.fr,2026-08-28T06:44:51+00:00,fr,"Harald V, le très populaire roi de Norvège depuis plus de trente ans, est mort","Apprécié pour sa simplicité et sa modestie, il était le premier monarque du pays à être né norvégien depuis près de six siècles. Il s’est éteint vendredi matin à l’âge de 89 ans.",https://img.lemde.fr/2025/08/15/1518/0/5140/2570/644/322/60/0/d091fbb_upload-1-cumigl2besiu-000-33j642c.jpg,data/images/bb1f6dac8fbf167581ec6720618c7149a848e5ef.jpg,unknown,none,"Harald V, le très populaire roi de Norvège depuis plus de trente ans, est mort. Apprécié pour sa simplicité et sa modestie, il était le premier monarque du pays à être né norvégien depuis près de six siècles. Il s’est éteint vendredi matin à l’âge de 89 ans.",258,48
02c1d0a6ff37ae84eaa40e756d08e5b83c10deac,rss,https://www.lemonde.fr/international/article/2026/08/28/en-ukraine-le-blocage-des-ports-de-la-mer-noire-asphyxie-les-exportations-de-cereales_6758737_3210.html,lemonde.fr,2026-08-28T03:00:05+00:00,fr,"En Ukraine, le blocage des ports de la mer Noire asphyxie les exportations de céréales","Les Russes ont intensifié leurs frappes sur les navires se dirigeant ou sortant des ports d’Odessa et des villes voisines, à tel point que le trafic maritime local est à l’arrêt depuis plus d’un mois. Une gageure logistique pour de nombreuses entreprises et un important manque à gagner pour l’Ukraine, grande productrice de céréales.",https://img.lemde.fr/2026/08/26/92/0/4000/2000/644/322/60/0/458fd02_upload-1-lg5q6dsiqogg-reportage-port-odessa-tchernomorsk-10.jpg,data/images/02c1d0a6ff37ae84eaa40e756d08e5b83c10deac.jpg,unknown,none,"En Ukraine, le blocage des ports de la mer Noire asphyxie les exportations de céréales. Les Russes ont intensifié leurs frappes sur les navires se dirigeant ou sortant des ports d’Odessa et des villes voisines, à tel point que le trafic maritime local est à l’arrêt depuis plus d’un mois. Une gageure logistique pour de nombreuses entreprises et un important manque à gagner pour l’Ukraine, grande productrice de céréales.",422,69
d8369ea9ad32ab70f1f3ac6c12c8c032daab094c,rss,https://www.lemonde.fr/livres/article/2026/08/28/democratie-guerre-climat-genre-histoire-intimite-une-rentree-des-essais-toujours-aussi-riche-malgre-les-menaces-qui-pesent-sur-le-secteur_6758954_3260.html,lemonde.fr,2026-08-28T05:00:02+00:00,fr,"Démocratie, guerre, climat, genre, histoire, intimité : une rentrée des essais toujours aussi riche, malgré les menaces qui pèsent sur le secteur","Un aperçu des essais et documents attendus cet automne, parmi les plus de 1 200 à paraître, signés Marie-Jo Bonnet, François-Xavier Fauvelle, Michel Foucault, Bernard-Henri Lévy, Narges Mohammadi, Pierre Rosanvallon, Michel Winock…",https://img.lemde.fr/2026/08/26/187/0/3927/1963/644/322/60/0/e51118b_upload-1-ze479zohhpcb-dessin-hd-panorama-essais-themonde.jpg,data/images/d8369ea9ad32ab70f1f3ac6c12c8c032daab094c.jpg,unknown,none,"Démocratie, guerre, climat, genre, histoire, intimité : une rentrée des essais toujours aussi riche, malgré les menaces qui pèsent sur le secteur. Un aperçu des essais et documents attendus cet automne, parmi les plus de 1 200 à paraître, signés Marie-Jo Bonnet, François-Xavier Fauvelle, Michel Foucault, Bernard-Henri Lévy, Narges Mohammadi, Pierre Rosanvallon, Michel Winock….",379,54
a292897b71547bf5c7cbd816abe6cc68aea1a274,rss,https://www.lemonde.fr/planete/article/2026/08/28/arbres-arraches-routes-inondees-un-violent-orage-s-abat-sur-l-ile-de-france-provoquant-des-degats-materiels-et-de-fortes-perturbations-dans-les-transports_6758958_3244.html,lemonde.fr,2026-08-28T05:45:25+00:00,fr,"Arbres arrachés, routes inondées… Un violent orage s’abat sur l’Ile-de-France, provoquant des dégâts matériels et de fortes perturbations dans les transports","La pluie, la grêle et le vent qui se sont abattus sur la région francilienne, en vigilance orange pour les orages, ont surtout touché le département du Val-de-Marne.",https://img.lemde.fr/2026/08/28/53/0/1600/800/644/322/60/0/109dc26_upload-1-wiqtgadlqk0m-786134910-2071828670390122-8229706730928299549-n.jpeg,data/images/a292897b71547bf5c7cbd816abe6cc68aea1a274.jpg,unknown,none,"Arbres arrachés, routes inondées… Un violent orage s’abat sur l’Ile-de-France, provoquant des dégâts matériels et de fortes perturbations dans les transports. La pluie, la grêle et le vent qui se sont abattus sur la région francilienne, en vigilance orange pour les orages, ont surtout touché le département du Val-de-Marne.",324,49
94838c9187bcd2ab82e225d2c0c55c2c662450ff,rss,https://www.lemonde.fr/international/article/2026/08/28/enlevement-en-colombie-d-un-soldat-franco-colombien-de-la-legion-etrangere-francaise_6758886_3210.html,lemonde.fr,2026-08-28T04:17:52+00:00,fr,Un soldat franco-colombien de la Légion étrangère française enlevé en Colombie par la guérilla,"Les responsables présumés de l’enlèvement de José Olger Melo Charry, survenu le 6 août, sont des dissidents de la guérilla des FARC, aujourd’hui dissoute, selon un rapport de l’armée colombienne.",https://img.lemde.fr/2026/08/28/0/0/3620/1810/644/322/60/0/f7e296e_upload-1-wbpahp0ng0a7-000-36fg4td.jpg,data/images/94838c9187bcd2ab82e225d2c0c55c2c662450ff.jpg,unknown,none,"Un soldat franco-colombien de la Légion étrangère française enlevé en Colombie par la guérilla. Les responsables présumés de l’enlèvement de José Olger Melo Charry, survenu le 6 août, sont des dissidents de la guérilla des FARC, aujourd’hui dissoute, selon un rapport de l’armée colombienne.",291,44
c8ead419cf0cf0094d90a48148a675ba513115ed,rss,https://www.lemonde.fr/societe/article/2026/08/27/le-depute-lfi-sebastien-delogu-place-en-garde-a-vue-a-marseille-apres-une-altercation-avec-des-policiers_6758475_3224.html,lemonde.fr,2026-08-27T14:03:07+00:00,fr,Altercation avec des policiers : le député LFI Sébastien Delogu gardé à vue puis convoqué pour outrage,"Le parlementaire s’était présenté jeudi, en début d’après-midi, au commissariat central de Marseille pour une audition portant sur une altercation qui s’est produite lundi avec trois policiers.",https://img.lemde.fr/2026/08/27/167/0/6681/3340/644/322/60/0/f7e6277_ftp-1-g4s1m5ayuonx-5929861-01-06.jpg,data/images/c8ead419cf0cf0094d90a48148a675ba513115ed.jpg,unknown,none,"Altercation avec des policiers : le député LFI Sébastien Delogu gardé à vue puis convoqué pour outrage. Le parlementaire s’était présenté jeudi, en début d’après-midi, au commissariat central de Marseille pour une audition portant sur une altercation qui s’est produite lundi avec trois policiers.",297,44
678172d040079674a974d774c9b2bb05d64532be,rss,https://www.lemonde.fr/international/article/2026/08/27/donald-trump-en-plein-bras-de-fer-avec-le-canada-signe-un-decret-changeant-le-nom-du-lac-ontario-en-lac-d-amerique_6758536_3210.html,lemonde.fr,2026-08-27T19:19:51+00:00,fr,"Donald Trump, en plein bras de fer avec le Canada, signe un décret changeant le nom du lac Ontario en « lac d’Amérique »","Le président américain, engagé dans une confrontation commerciale avec le Canada sur les droits de douane, a également évoqué la possibilité de renommer les océans Atlantique et Pacifique.",https://img.lemde.fr/2026/08/27/0/0/4535/2267/644/322/60/0/2df35b0_ftp-1-y3rqszw0jwgr-2026-08-27t175305z-46341437-rc257nas5839-rtrmadp-3-usa-trump.JPG,data/images/678172d040079674a974d774c9b2bb05d64532be.jpg,unknown,none,"Donald Trump, en plein bras de fer avec le Canada, signe un décret changeant le nom du lac Ontario en « lac d’Amérique ». Le président américain, engagé dans une confrontation commerciale avec le Canada sur les droits de douane, a également évoqué la possibilité de renommer les océans Atlantique et Pacifique.",310,52
3b48e2a2a7394999b7ca2745acee09a7b5e962a6,rss,https://www.lemonde.fr/international/article/2026/08/28/canal-de-panama-un-navire-a-paye-la-somme-record-de-5-3-millions-de-dollars-pour-un-passage-prioritaire-en-raison-du-phenomene-el-nino_6758965_3210.html,lemonde.fr,2026-08-28T07:01:35+00:00,fr,"Canal de Panama : un navire a payé la somme record de 5,3 millions de dollars pour un passage prioritaire, en raison du phénomène El Niño","Face à la baisse du niveau d’eau, la concurrence s’intensifie pour franchir le canal de Panama, poussant les enchères à des sommets inédits pour garantir un passage prioritaire.",https://img.lemde.fr/2026/08/14/1131/0/6786/3393/644/322/60/0/cb6fbf1_ftp-1-axakmtc39z6l-4050782591d94336a46fdd6ebb0ccbb5-0-551d274eaa674a7e9525dd96b428f02f.jpg,data/images/3b48e2a2a7394999b7ca2745acee09a7b5e962a6.jpg,unknown,none,"Canal de Panama : un navire a payé la somme record de 5,3 millions de dollars pour un passage prioritaire, en raison du phénomène El Niño. Face à la baisse du niveau d’eau, la concurrence s’intensifie pour franchir le canal de Panama, poussant les enchères à des sommets inédits pour garantir un passage prioritaire.",316,54
4076cb33613ea4eff5bf553914e12a9d60c8c171,rss,https://www.lemonde.fr/economie/article/2026/08/28/en-argentine-la-rigueur-monetaire-au-c-ur-de-la-reforme-de-la-banque-centrale-approuvee-par-les-deputes_6758959_3234.html,lemonde.fr,2026-08-28T05:46:53+00:00,fr,"En Argentine, la rigueur monétaire au cœur de la réforme de la banque centrale approuvée par les députés","La Chambre des représentants a adopté, à une large majorité, une réforme de la Banque centrale d’Argentine voulue par le président ultralibéral Javier Milei, qui entend brider l’émission monétaire pour combattre l’inflation. La réforme doit encore être approuvée par le Sénat.",https://img.lemde.fr/2026/08/27/688/0/8256/4128/644/322/60/0/59e602a_upload-1-awdumlnkrxbk-000-b6t2467.jpg,data/images/4076cb33613ea4eff5bf553914e12a9d60c8c171.jpg,unknown,none,"En Argentine, la rigueur monétaire au cœur de la réforme de la banque centrale approuvée par les députés. La Chambre des représentants a adopté, à une large majorité, une réforme de la Banque centrale d’Argentine voulue par le président ultralibéral Javier Milei, qui entend brider l’émission monétaire pour combattre l’inflation. La réforme doit encore être approuvée par le Sénat.",382,59
e6fedaeaf749d666dd95fbf9bfd113fbcc5ba9a0,rss,https://www.lemonde.fr/politique/article/2026/08/28/presidentielle-2027-comment-la-foire-de-chalons-est-devenue-le-rendez-vous-des-candidats_6758843_823448.html,lemonde.fr,2026-08-28T04:00:02+00:00,fr,Présidentielle 2027 : comment la Foire de Châlons est devenue le rendez-vous des candidats,"L’événement, qui accueille quelque 250 000 visiteurs, est prisé des responsables politiques de tous bords, et des candidats à l’élection présidentielle en particulier. Plusieurs d’entre eux seront présents pour cette 80ᵉ édition, qui s’ouvre ce vendredi 28 août.",https://img.lemde.fr/2026/08/27/795/0/4446/2223/644/322/60/0/3c69627_upload-1-a9x6gieshslw-000-33u99fr.jpg,data/images/e6fedaeaf749d666dd95fbf9bfd113fbcc5ba9a0.jpg,unknown,none,"Présidentielle 2027 : comment la Foire de Châlons est devenue le rendez-vous des candidats. L’événement, qui accueille quelque 250 000 visiteurs, est prisé des responsables politiques de tous bords, et des candidats à l’élection présidentielle en particulier. Plusieurs d’entre eux seront présents pour cette 80ᵉ édition, qui s’ouvre ce vendredi 28 août.",354,52
d47c8f4b29a78bdce9bb993f38b9b21e6fde7107,rss,https://www.lemonde.fr/societe/article/2026/08/28/la-nouvelle-revision-du-dpe-va-faire-sortir-plus-de-300-000-logements-du-statut-de-passoires-thermiques_6758853_3224.html,lemonde.fr,2026-08-28T04:02:00+00:00,fr,La nouvelle révision du DPE va faire sortir plus de 300 000 logements du statut de « passoires thermiques »,"Un arrêté prévoit de modifier, à partir du 1ᵉʳ janvier 2027, le calcul du diagnostic de performance énergétique (DPE) pour le chauffage électrique. Cela réduira le nombre de logements soumis au gel des loyers et à l’interdiction de location, et risque de ralentir l’effort de rénovation.",https://img.lemde.fr/2026/08/28/135/0/4992/2496/644/322/60/0/3463070_upload-1-wfuidnuagwq7-000-32m83hw.jpg,data/images/d47c8f4b29a78bdce9bb993f38b9b21e6fde7107.jpg,unknown,none,"La nouvelle révision du DPE va faire sortir plus de 300 000 logements du statut de « passoires thermiques ». Un arrêté prévoit de modifier, à partir du 1ᵉʳ janvier 2027, le calcul du diagnostic de performance énergétique (DPE) pour le chauffage électrique. Cela réduira le nombre de logements soumis au gel des loyers et à l’interdiction de location, et risque de ralentir l’effort de rénovation.",396,66
3d55343ef3c8a2b58b3cc4cbafc96c87ed788b37,rss,https://www.lemonde.fr/sport/article/2026/08/28/victor-wembanyama-reussit-ses-retrouvailles-avec-le-public-parisien-en-guidant-les-bleus-vers-un-large-succes_6758670_3242.html,lemonde.fr,2026-08-28T00:35:04+00:00,fr,Victor Wembanyama réussit ses retrouvailles avec le public parisien en guidant les Bleus vers un large succès,"L’équipe de France de basket a dominé la Slovénie sur le parquet de Bercy (92-67), jeudi 27 août lors d’une rencontre de qualification pour la Coupe du monde 2027, grâce à une performance très aboutie de son capitaine. La star jouait en sélection dans la capitale pour la première fois depuis le tournoi olympique en 2024.",https://img.lemde.fr/2026/08/27/666/0/7990/3995/644/322/60/0/6ce6041_ftp-1-qvzm5qnezynv-5933286-01-06.jpg,data/images/3d55343ef3c8a2b58b3cc4cbafc96c87ed788b37.jpg,unknown,none,"Victor Wembanyama réussit ses retrouvailles avec le public parisien en guidant les Bleus vers un large succès. L’équipe de France de basket a dominé la Slovénie sur le parquet de Bercy (92-67), jeudi 27 août lors d’une rencontre de qualification pour la Coupe du monde 2027, grâce à une performance très aboutie de son capitaine. La star jouait en sélection dans la capitale pour la première fois depuis le tournoi olympique en 2024.",433,73
eec983cc84309c4fc6d45f08a93519161b277a49,rss,https://www.lemonde.fr/m-styles/article/2026/08/28/la-modernite-futuriste-de-pierre-paulin-exposee-a-montpellier_6758957_4497319.html,lemonde.fr,2026-08-28T05:30:11+00:00,fr,La modernité futuriste de Pierre Paulin exposée à Montpellier,"Pour sa première exposition de design, le Musée Fabre accueille, jusqu’au 1er novembre, les créations de cet avant-gardiste mort en 2009. L’occasion de voir ses assises colorées aux formes naturelles et la reconstitution du fumoir de l’Elysée.",https://img.lemde.fr/2026/07/06/732/0/5494/2747/644/322/60/0/152c50d_upload-1-dzwm9bwnrqcb-20260625-chr-pierrepaulin-032.jpg,data/images/eec983cc84309c4fc6d45f08a93519161b277a49.jpg,unknown,none,"La modernité futuriste de Pierre Paulin exposée à Montpellier. Pour sa première exposition de design, le Musée Fabre accueille, jusqu’au 1er novembre, les créations de cet avant-gardiste mort en 2009. L’occasion de voir ses assises colorées aux formes naturelles et la reconstitution du fumoir de l’Elysée.",306,46
38fe6635b4d6bfd5ba6618139614d16c380ceac5,rss,https://www.franceinfo.fr/elections/presidentielle/reportage-vous-n-etes-pas-obligee-de-raconter-n-importe-quoi-a-roland-garros-un-premier-debat-offensif-sur-l-economie-entre-les-sept-principaux-candidats-a-la-presidentielle_8164652.html#xtor=RSS-3-[lestitres],franceinfo.fr,2026-08-28T06:50:07+00:00,fr,"""Vous n'êtes pas obligée de raconter n'importe quoi !"" : à Roland-Garros, un premier débat offensif sur l'économie entre les sept principaux candidats à la présidentielle","Pendant trois heures, les prétendants à l'Elysée ont débattu des sujets économiques lors de l'université d'été du Medef. Entre deux grondements de tonnerre, les passes d'armes et petites piques n'ont pas manqué, dans une ambiance restée cordiale.",https://www.franceinfo.fr/pictures/A--eFDtif17d86vsrTJTFHVWmN0/0x312:6000x3687/432x243/filters:format(jpg)/2026/08/27/6a90915307dfe922371894.jpg,data/images/38fe6635b4d6bfd5ba6618139614d16c380ceac5.jpg,unknown,none,"""Vous n'êtes pas obligée de raconter n'importe quoi !"" : à Roland-Garros, un premier débat offensif sur l'économie entre les sept principaux candidats à la présidentielle. Pendant trois heures, les prétendants à l'Elysée ont débattu des sujets économiques lors de l'université d'été du Medef. Entre deux grondements de tonnerre, les passes d'armes et petites piques n'ont pas manqué, dans une ambiance restée cordiale.",418,63
c3ec16d2840e0cd4aa8bf14ac6c556f7c1c83263,rss,https://www.franceinfo.fr/monde/asie/direct-crues-meurtrieres-au-nepal-la-catastrophe-a-fait-au-moins-469-morts-selon-un-nouveau-bilan-provisoire-de-la-police-nepalaise_8165981.html#xtor=RSS-3-[lestitres],franceinfo.fr,2026-08-28T07:13:35+00:00,fr,Crues meurtrières au Népal : la police lance une alerte aux inondations après avoir été informée de la rupture d'un lac au Tibet,Au moins 472 personnes sont mortes et 1 400 autres sont portées disparues après les impressionnantes coulées de boue survenues mercredi à la frontière du Népal et du Tibet.,https://www.franceinfo.fr/pictures/oNz7mmCuytTtWhsc1i3MPsTYrFo/3x0:1020x572/432x243/filters:format(jpg)/2026/08/28/6a912a5ced17e977982720.jpg,data/images/c3ec16d2840e0cd4aa8bf14ac6c556f7c1c83263.jpg,unknown,none,Crues meurtrières au Népal : la police lance une alerte aux inondations après avoir été informée de la rupture d'un lac au Tibet. Au moins 472 personnes sont mortes et 1 400 autres sont portées disparues après les impressionnantes coulées de boue survenues mercredi à la frontière du Népal et du Tibet.,302,52
b7b97ba62436357ebaa80fc6e929b532018a5ba0,rss,https://www.franceinfo.fr/environnement/evenements-meteorologiques-extremes/orages/violents-orages-sept-departements-de-l-est-encore-en-vigilance-orange-vendredi-matin_8166038.html#xtor=RSS-3-[lestitres],franceinfo.fr,2026-08-28T05:01:26+00:00,fr,Sept départements de l'Est encore en vigilance orange aux orages vendredi matin,"Le Rhône, l'Ain, le Jura, le Doubs, le Territoire de Belfort, le Haut-Rhin et le Bas-Rhin sont concernés jusqu'à 10 heures.",https://www.franceinfo.fr/pictures/iP-Z_AFQnlGNsZ300eg-TAmgHHE/0x0:1024x576/432x243/filters:format(jpg)/2026/08/28/6a9115ee50d97322029918.jpg,data/images/b7b97ba62436357ebaa80fc6e929b532018a5ba0.jpg,unknown,none,"Sept départements de l'Est encore en vigilance orange aux orages vendredi matin. Le Rhône, l'Ain, le Jura, le Doubs, le Territoire de Belfort, le Haut-Rhin et le Bas-Rhin sont concernés jusqu'à 10 heures.",204,33
1df14e852ab2c31cc5e9479087d42ee834703c26,rss,https://www.franceinfo.fr/monde/norvege/le-roi-de-norvege-harald-v-est-mort-a-l-age-de-89-ans-annonce-le-palais-royal_8166119.html#xtor=RSS-3-[lestitres],franceinfo.fr,2026-08-28T07:12:30+00:00,fr,"Harald V, roi de Norvège depuis plus de trente ans, est mort à l'âge de 89ans","L'état de santé du souverain, hospitalisé depuis le 17 août pour des complications liées à une maladie du sang, s'était fortement dégradé ces derniers jours.",https://www.franceinfo.fr/pictures/-JOxUd0MB6TpUG8IYtYYXhjFB0c/0x46:1024x622/432x243/filters:format(jpg)/2026/08/28/6a912e270d9e3274881342.jpg,data/images/1df14e852ab2c31cc5e9479087d42ee834703c26.jpg,unknown,none,"Harald V, roi de Norvège depuis plus de trente ans, est mort à l'âge de 89ans. L'état de santé du souverain, hospitalisé depuis le 17 août pour des complications liées à une maladie du sang, s'était fortement dégradé ces derniers jours.",236,41
f372f9e1b1854e8b179a7fc9228881ff96c75fd4,rss,https://www.franceinfo.fr/societe/armee-securite-defense/un-soldat-de-la-legion-etrangere-francaise-a-ete-enleve-debut-aout-dans-une-region-de-colombie-controlee-par-la-guerilla-annonce-l-armee-colombienne_8165993.html#xtor=RSS-3-[lestitres],franceinfo.fr,2026-08-28T04:27:44+00:00,fr,Un soldat de la Légion étrangère française a été enlevé début août dans une région de Colombie contrôlée par la guérilla,"José Olger Melo Charry, caporal franco-colombien engagé dans l'armée française depuis quatre ans, était en permission dans son pays d'origine, a déclaré le colonel Mauricio Osorio à la radio colombienne.",https://www.franceinfo.fr/pictures/ivOX8C60QSWvGgjI7uF3wekEz60/0x0:5808x3267/432x243/filters:format(jpg)/2026/08/28/6a910e2db4c82610481647.jpg,data/images/f372f9e1b1854e8b179a7fc9228881ff96c75fd4.jpg,unknown,none,"Un soldat de la Légion étrangère française a été enlevé début août dans une région de Colombie contrôlée par la guérilla. José Olger Melo Charry, caporal franco-colombien engagé dans l'armée française depuis quatre ans, était en permission dans son pays d'origine, a déclaré le colonel Mauricio Osorio à la radio colombienne.",325,51
4b4f88717ff6763e552186dd7bde9dd4020ef576,rss,https://www.franceinfo.fr/economie/entreprises/on-vous-explique-la-reforme-imminente-de-la-facturation-electronique-redoutee-par-certains-patrons_8162345.html#xtor=RSS-3-[lestitres],franceinfo.fr,2026-08-28T03:57:22+00:00,fr,"On vous explique la réforme imminente de la facturation électronique, redoutée par certains patrons","Dès le 1er septembre, la totalité des entreprises vont devoir recevoir leurs factures via une plateforme électronique agréée. Ce changement inquiète certains professionnels, alors que le fisc a connu récemment un piratage massif de ses données.",https://www.franceinfo.fr/pictures/YU9iiISPNPkNVARGRqonReXBcuM/0x53:1024x629/432x243/filters:format(jpg)/2026/08/26/6a8ef9ae271de233449493.jpg,data/images/4b4f88717ff6763e552186dd7bde9dd4020ef576.jpg,unknown,none,"On vous explique la réforme imminente de la facturation électronique, redoutée par certains patrons. Dès le 1er septembre, la totalité des entreprises vont devoir recevoir leurs factures via une plateforme électronique agréée. Ce changement inquiète certains professionnels, alors que le fisc a connu récemment un piratage massif de ses données.",345,50
e2fde54e08e890ae6481576f6c2146afa8877ed3,rss,https://www.franceinfo.fr/politique/vrai-ou-faux-cumuler-un-mandat-d-adjoint-au-maire-et-un-emploi-se-fait-il-vraiment-partout-a-cause-d-indemnites-trop-faibles-comme-l-affirme-eric-coquerel_8162489.html#xtor=RSS-3-[lestitres],franceinfo.fr,2026-08-28T03:57:50+00:00,fr,"Cumuler un mandat d'adjoint au maire et un emploi se fait-il vraiment ""partout"" à cause ""d'indemnités trop faibles"", comme l'affirme Eric Coquerel ?","Le député de La France insoumise et président de la commission des finances de l'Assemblée nationale a défendu mardi sur LCI le maire de Saint-Denis, Bally Bagayoko, visé par une enquête du Parquet national financier sur les conditions de son emploi à la RATP.",https://www.franceinfo.fr/pictures/eWV_B6Kk95lUMY8N6foTpi_7BaY/0x0:1024x576/432x243/filters:format(jpg)/2026/08/26/6a8f12ca2418b353502336.jpg,data/images/e2fde54e08e890ae6481576f6c2146afa8877ed3.jpg,unknown,none,"Cumuler un mandat d'adjoint au maire et un emploi se fait-il vraiment ""partout"" à cause ""d'indemnités trop faibles"", comme l'affirme Eric Coquerel ?. Le député de La France insoumise et président de la commission des finances de l'Assemblée nationale a défendu mardi sur LCI le maire de Saint-Denis, Bally Bagayoko, visé par une enquête du Parquet national financier sur les conditions de son emploi à la RATP.",410,67
4cdb3ad52a466ddda5a8668236fddfa2e0375667,rss,https://www.franceinfo.fr/monde/iran/regime-capacites-militaires-economie-l-iran-sort-il-affaibli-ou-renforce-de-six-mois-de-guerre-avec-les-etats-unis_8154743.html#xtor=RSS-3-[lestitres],franceinfo.fr,2026-08-28T06:14:19+00:00,fr,"Régime, capacités militaires, économie... L'Iran sort-il affaibli ou renforcé après six mois de guerre avec les Etats-Unis ?","Le 28 février, une première frappe israélo-américaine avait plongé le pays dans un conflit à haute intensité. Malgré les annonces tonitruantes de Donald Trump, le régime est toujours en place six mois plus tard, et les négociations sont au point mort.",https://www.franceinfo.fr/pictures/jbTlHLzInESlmziHoFkh2dLAGag/0x0:2226x1252/432x243/filters:format(jpg)/2026/08/21/6a88606dc56ed871605606.jpg,data/images/4cdb3ad52a466ddda5a8668236fddfa2e0375667.jpg,unknown,none,"Régime, capacités militaires, économie... L'Iran sort-il affaibli ou renforcé après six mois de guerre avec les Etats-Unis ?. Le 28 février, une première frappe israélo-américaine avait plongé le pays dans un conflit à haute intensité. Malgré les annonces tonitruantes de Donald Trump, le régime est toujours en place six mois plus tard, et les négociations sont au point mort.",377,59
366b111310aafb482e0cca58f70fecde8da6c685,rss,https://www.franceinfo.fr/france/rentree/c-est-favorable-pour-toute-la-classe-les-fournitures-scolaires-pour-enfants-atteints-de-troubles-de-l-attention-se-democratisent-dans-les-ecoles_8163785.html#xtor=RSS-3-[lestitres],franceinfo.fr,2026-08-28T05:58:41+00:00,fr,"""C'est favorable pour toute la classe"" : les fournitures scolaires pour enfants atteints de troubles de l'attention se démocratisent dans les écoles","En tête de gondoles pendant la course aux fournitures scolaire, les outils spécialisés pour enfants atteints de troubles du neurodéveloppement voient leurs ventes doubler. Pour les familles et instituteurs, ils apparaissent comme une solution viable à des problèmes d'apprentissage.",https://www.franceinfo.fr/pictures/E074uZy2MX2I4UNyGLh6yd1nnmM/0x206:3966x2437/432x243/filters:format(jpg)/2026/08/27/6a904cd81d19e672562787.jpg,data/images/366b111310aafb482e0cca58f70fecde8da6c685.jpg,unknown,none,"""C'est favorable pour toute la classe"" : les fournitures scolaires pour enfants atteints de troubles de l'attention se démocratisent dans les écoles. En tête de gondoles pendant la course aux fournitures scolaire, les outils spécialisés pour enfants atteints de troubles du neurodéveloppement voient leurs ventes doubler. Pour les familles et instituteurs, ils apparaissent comme une solution viable à des problèmes d'apprentissage.",432,61
c28d3d4c990e1b7a5ebf14652b6e5c1c85f45524,rss,https://www.franceinfo.fr/faits-divers/reportage-derriere-les-vols-d-engins-agricoles-des-reseaux-issus-de-la-criminalite-organisee_8165447.html#xtor=RSS-3-[lestitres],franceinfo.fr,2026-08-28T05:13:33+00:00,fr,"Derrière les vols d’engins agricoles, des réseaux issus de la criminalité organisée","Malgré une légère baisse au premier semestre 2026, les vols d’engins agricoles restent un phénomène qui désempare les agriculteurs et inquiète les forces de l’ordre. Trois personnes ont été interpellées dans la Marne et mises en examen, soupçonnées de recel de biens provenant de vols aggravés.",https://www.franceinfo.fr/pictures/X31jgUPHTUIN2ZjaLRnBBrf7yMU/0x396:4300x2815/432x243/filters:format(jpg)/2026/08/27/6a90699b4d02f155763075.jpg,data/images/c28d3d4c990e1b7a5ebf14652b6e5c1c85f45524.jpg,unknown,none,"Derrière les vols d’engins agricoles, des réseaux issus de la criminalité organisée. Malgré une légère baisse au premier semestre 2026, les vols d’engins agricoles restent un phénomène qui désempare les agriculteurs et inquiète les forces de l’ordre. Trois personnes ont été interpellées dans la Marne et mises en examen, soupçonnées de recel de biens provenant de vols aggravés.",379,58
844dfbbbfdf317efad0c6161a052d65529629f30,rss,https://www.franceinfo.fr/economie/industrie/l-usine-fibre-excellence-de-tarascon-dans-les-bouches-du-rhone-ferme-officiellement-vendredi-270-salaries-licencies_8166065.html#xtor=RSS-3-[lestitres],franceinfo.fr,2026-08-28T05:47:52+00:00,fr,"L'usine Fibre Excellence de Tarascon, dans les Bouches-du-Rhône, ferme officiellement vendredi, 270 salariés licenciés","Le tribunal de commerce de Toulouse avait prononcé la liquidation judiciaire du site, le 27 juillet. Les syndicats prévoient un rassemblement symbolique à 10 heures devant l'usine.",https://www.franceinfo.fr/pictures/UzKkvWJOlnSZ90595IJPectDsFE/0x0:3840x2160/432x243/filters:format(jpg)/2026/08/28/6a9120d9a6bdd393267890.jpg,data/images/844dfbbbfdf317efad0c6161a052d65529629f30.jpg,unknown,none,"L'usine Fibre Excellence de Tarascon, dans les Bouches-du-Rhône, ferme officiellement vendredi, 270 salariés licenciés. Le tribunal de commerce de Toulouse avait prononcé la liquidation judiciaire du site, le 27 juillet. Les syndicats prévoient un rassemblement symbolique à 10 heures devant l'usine.",300,41
c744c65d8a37c9f6bb6678196a97634f19de0cd1,rss,https://www.franceinfo.fr/monde/europe/manifestations-en-ukraine/partez-je-vous-en-prie-les-autorites-ukrainiennes-appellent-les-habitants-de-kherson-a-quitter-la-ville-face-aux-frappes-russes_8165687.html#xtor=RSS-3-[lestitres],franceinfo.fr,2026-08-28T05:57:58+00:00,fr,"""Partez, je vous en prie !"" : les autorités ukrainiennes appellent les habitants de Kherson à quitter la ville face aux frappes russes","Le gouverneur régional fait état d'une ""situation sécuritaire extrêmement difficile"" dans la ville où ""l'ennemi intensifie chaque jour ses attaques contre les infrastructures essentielles"".",https://www.franceinfo.fr/pictures/h6lCo37wlatYliBhsmLkW0iaEoA/0x0:6177x3474/432x243/filters:format(jpg)/2026/08/27/6a909d1c25e73428720257.jpg,data/images/c744c65d8a37c9f6bb6678196a97634f19de0cd1.jpg,unknown,none,"""Partez, je vous en prie !"" : les autorités ukrainiennes appellent les habitants de Kherson à quitter la ville face aux frappes russes. Le gouverneur régional fait état d'une ""situation sécuritaire extrêmement difficile"" dans la ville où ""l'ennemi intensifie chaque jour ses attaques contre les infrastructures essentielles"".",325,47
3e7835ca954de80d8b5338f926b41dba982ede87,rss,https://www.franceinfo.fr/culture/tv/lana-cotta-remporte-la-saison-4-de-drag-race-france_8165501.html#xtor=RSS-3-[lestitres],franceinfo.fr,2026-08-27T23:38:19+00:00,fr,"La reine marseillaise Lana Cotta remporte la saison 4 de ""Drag Race France""","Elle succède à Le Filip, qui avait remporté la saison 3.",https://www.franceinfo.fr/pictures/supObC98mUZLRDjIFkcEV7QlHr8/317x169:2315x1293/432x243/filters:format(jpg)/2026/08/28/6a90c30b5c6f2980251875.png,data/images/3e7835ca954de80d8b5338f926b41dba982ede87.jpg,unknown,none,"La reine marseillaise Lana Cotta remporte la saison 4 de ""Drag Race France"". Elle succède à Le Filip, qui avait remporté la saison 3.",133,24
59036f5e531530789152f218edef562d0cccdae2,rss,https://www.franceinfo.fr/culture/reportage-kilema-le-lieu-une-adresse-parisienne-qui-fait-rimer-culture-travail-et-vie-sociale-pour-les-personnes-deficientes-intellectuelles-et-toutes-les-autres_8158862.html#xtor=RSS-3-[lestitres],franceinfo.fr,2026-08-28T04:00:02+00:00,fr,"Kilema Le Lieu : une adresse parisienne qui fait rimer culture, travail et vie sociale pour les personnes déficientes intellectuelles et toutes les autres","Pour leur fille Lucie, atteinte de trisomie 21, Cécile Arnoult et Philippe Le Squéren ont rêvé d'un tiers-lieu où elle pourrait s'épanouir socialement, notamment sur le plan culturel avec des outils adaptés. Il est désormais ouvert et tous les parcours peuvent s'y croiser.",https://www.franceinfo.fr/pictures/YGMZLfyG0Xl0ZVei6NC1onJqQSc/0x921:5712x4134/432x243/filters:format(jpg)/2026/08/25/6a8d87053d301120354408.jpg,data/images/59036f5e531530789152f218edef562d0cccdae2.jpg,unknown,none,"Kilema Le Lieu : une adresse parisienne qui fait rimer culture, travail et vie sociale pour les personnes déficientes intellectuelles et toutes les autres. Pour leur fille Lucie, atteinte de trisomie 21, Cécile Arnoult et Philippe Le Squéren ont rêvé d'un tiers-lieu où elle pourrait s'épanouir socialement, notamment sur le plan culturel avec des outils adaptés. Il est désormais ouvert et tous les parcours peuvent s'y croiser.",429,67
078723809842c09f042ddae116710ec181f6a1b2,rss,https://www.franceinfo.fr/politique/la-france-insoumise/le-depute-insoumis-sebastien-delogu-place-en-garde-a-vue-dans-l-enquete-sur-son-altercation-avec-des-policiers-a-marseille_8165207.html#xtor=RSS-3-[lestitres],franceinfo.fr,2026-08-27T22:02:32+00:00,fr,"Le député insoumis Sébastien Delogu placé en garde à vue après une altercation avec des policiers à Marseille, puis convoqué pour outrage",Le parlementaire et trois policiers ont déposé des plaintes réciproques après une altercation survenue lundi dans l'immeuble où réside l'élu.,https://www.franceinfo.fr/pictures/mecEFXC2z9Ehl1JwCMxE4-CQ94o/0x300:5760x3540/432x243/filters:format(jpg)/2026/08/27/6a9040d4732b9884944333.jpg,data/images/078723809842c09f042ddae116710ec181f6a1b2.jpg,unknown,none,"Le député insoumis Sébastien Delogu placé en garde à vue après une altercation avec des policiers à Marseille, puis convoqué pour outrage. Le parlementaire et trois policiers ont déposé des plaintes réciproques après une altercation survenue lundi dans l'immeuble où réside l'élu.",280,42
6a573e8c352459ab2636a40816068e82b5a25c50,rss,https://www.franceinfo.fr/sports/ultra-trail/etre-un-pionnier-est-excitant-apres-s-etre-reconstruit-grace-au-sport-julien-veysseyre-reve-de-devenir-le-premier-ampute-a-boucler-l-utmb_8162036.html#xtor=RSS-3-[lestitres],franceinfo.fr,2026-08-28T04:00:12+00:00,fr,"""Etre un pionnier est excitant""... Après s'être reconstruit grâce au sport, Julien Veysseyre rêve de devenir le premier amputé à boucler l'UTMB",Le Clermontois de 39 ans s'est d'abord épanoui dans le para-triathlon à haut niveau avant de basculer il y a trois ans sur le trail. Julien Veysseyre espère venir à bout des 174 kilomètres de l'UTMB entre vendredi et dimanche.,https://www.franceinfo.fr/pictures/3Qbw8JZPpcRWCwbhw5wqgQIAl4Q/0x166:1600x1066/432x243/filters:format(jpg)/2026/08/26/6a8ed3f3e1cb9511160493.jpg,data/images/6a573e8c352459ab2636a40816068e82b5a25c50.jpg,unknown,none,"""Etre un pionnier est excitant""... Après s'être reconstruit grâce au sport, Julien Veysseyre rêve de devenir le premier amputé à boucler l'UTMB. Le Clermontois de 39 ans s'est d'abord épanoui dans le para-triathlon à haut niveau avant de basculer il y a trois ans sur le trail. Julien Veysseyre espère venir à bout des 174 kilomètres de l'UTMB entre vendredi et dimanche.",371,62
8f88e881e4ee1d3c7ca2ede3d4de5ef0bc40aae4,rss,https://www.franceinfo.fr/monde/asie/un-torrent-de-boue-devastateur-des-centaines-de-morts-plus-d-un-millier-de-disparus-ce-que-l-on-sait-des-crues-au-nepal-et-au-tibet_8164727.html#xtor=RSS-3-[lestitres],franceinfo.fr,2026-08-27T16:22:03+00:00,fr,"Un torrent de boue dévastateur, des centaines de morts, plus d'un millier de disparus... Ce que l'on sait des crues au Népal et au Tibet","La catastrophe, survenue mercredi, a été provoquée par un effondrement de glacier, a annoncé jeudi l'Institut d'études géologiques des Etats-Unis.",https://www.franceinfo.fr/pictures/lMxljB_ujUkLoVGgs7wc4hiO5gI/0x0:1024x576/432x243/filters:format(jpg)/2026/08/27/6a900e5a4bda9813683045.jpg,data/images/8f88e881e4ee1d3c7ca2ede3d4de5ef0bc40aae4.jpg,unknown,none,"Un torrent de boue dévastateur, des centaines de morts, plus d'un millier de disparus... Ce que l'on sait des crues au Népal et au Tibet. La catastrophe, survenue mercredi, a été provoquée par un effondrement de glacier, a annoncé jeudi l'Institut d'études géologiques des Etats-Unis.",284,45
b837ad82930280412e6927484054378d25909ff3,rss,https://www.franceinfo.fr/monde/usa/presidentielle/donald-trump/j-ai-eu-de-bonnes-discussions-avec-lui-donald-trump-assure-que-vladimir-poutine-ne-va-pas-attaquer-un-territoire-de-l-otan_8165588.html#xtor=RSS-3-[lestitres],franceinfo.fr,2026-08-27T19:01:57+00:00,fr,"""J'ai eu de bonnes discussions avec lui"" : Donald Trump assure que Vladimir Poutine ""ne va pas attaquer un territoire de l'Otan""","Le Kremlin avait jugé ses accusations dénuées de tout lien ""avec la réalité"", après la visite du patron de la CIA à Moscou.",https://www.franceinfo.fr/pictures/CvDnU_PqBLQbllySI0uE6Agp3Ps/0x154:2975x1828/432x243/filters:format(jpg)/2026/08/27/6a9087304235a531585592.jpg,data/images/b837ad82930280412e6927484054378d25909ff3.jpg,unknown,none,"""J'ai eu de bonnes discussions avec lui"" : Donald Trump assure que Vladimir Poutine ""ne va pas attaquer un territoire de l'Otan"". Le Kremlin avait jugé ses accusations dénuées de tout lien ""avec la réalité"", après la visite du patron de la CIA à Moscou.",253,45
a3851784578f88b536ba7e88bf276dade55d7245,rss,https://www.franceinfo.fr/sports/basket/victor-wembanyama-et-l-equipe-de-france-de-basket-dominent-la-slovenie-et-se-rapprochent-de-la-coupe-du-monde-2027_8165678.html#xtor=RSS-3-[lestitres],franceinfo.fr,2026-08-27T20:41:04+00:00,fr,Victor Wembanyama et l'équipe de France de basket dominent largement la Slovénie et se rapprochent de la Coupe du monde 2027,"Les Bleus de Victor Wembanyama, capitaine et meilleur joueur du soir, n'ont pas tremblé face aux Slovènes, jeudi soir.",https://www.franceinfo.fr/pictures/pG8MEs1VkIuMUbwbaoaG_XzH6k0/0x0:1024x576/432x243/filters:format(jpg)/2026/08/27/6a9097118153d224349695.jpg,data/images/a3851784578f88b536ba7e88bf276dade55d7245.jpg,unknown,none,"Victor Wembanyama et l'équipe de France de basket dominent largement la Slovénie et se rapprochent de la Coupe du monde 2027. Les Bleus de Victor Wembanyama, capitaine et meilleur joueur du soir, n'ont pas tremblé face aux Slovènes, jeudi soir.",244,40
d8ff7ccc537b75280a1e99efe2d5806865308775,rss,https://www.franceinfo.fr/monde/europe/ratko-mladic-ancien-chef-militaire-des-serbes-de-bosnie-condamne-pour-genocide-est-mort-en-detention-a-84-ans-annonce-la-television-publique-serbe_8165159.html#xtor=RSS-3-[lestitres],franceinfo.fr,2026-08-27T15:55:31+00:00,fr,"Ratko Mladic, ancien chef militaire des Serbes de Bosnie condamné à la perpétuité pour génocide, est mort à de 84 ans, annonce la télévision publique serbe","Condamné en 2017, il avait notamment été reconnu coupable pour son rôle dans le massacre de Srebrenica, où environ 8 000 hommes et adolescents bosniaques ont été tués en 1995.",https://www.franceinfo.fr/pictures/FVNW9Dczz9jR78hYeDZGCK9iK6I/0x6:5252x2961/432x243/filters:format(jpg)/2026/08/27/6a9031211fdef038455676.jpg,data/images/d8ff7ccc537b75280a1e99efe2d5806865308775.jpg,unknown,none,"Ratko Mladic, ancien chef militaire des Serbes de Bosnie condamné à la perpétuité pour génocide, est mort à de 84 ans, annonce la télévision publique serbe. Condamné en 2017, il avait notamment été reconnu coupable pour son rôle dans le massacre de Srebrenica, où environ 8 000 hommes et adolescents bosniaques ont été tués en 1995.",332,56
0cf2ab295a808c62b4e882f16691e4e7aa624abf,rss,https://www.franceinfo.fr/monde/palestine/gaza/a-gaza-des-frappes-israeliennes-font-trois-morts-selon-les-secours_8165651.html#xtor=RSS-3-[lestitres],franceinfo.fr,2026-08-27T20:00:07+00:00,fr,"A Gaza, des frappes israéliennes font trois morts, selon les secours","L'armée israélienne a confirmé avoir mené des frappes contre des ""terroristes du Hamas"" dans des zones de la bande de Gaza.",https://www.franceinfo.fr/pictures/Ks2I1a0R8w5m7s0TJiddx1nG-dM/0x285:5472x3363/432x243/filters:format(jpg)/2026/08/27/6a909606c31c1527034517.jpg,data/images/0cf2ab295a808c62b4e882f16691e4e7aa624abf.jpg,unknown,none,"A Gaza, des frappes israéliennes font trois morts, selon les secours. L'armée israélienne a confirmé avoir mené des frappes contre des ""terroristes du Hamas"" dans des zones de la bande de Gaza.",193,32
08206224abcb56d8bc9995ce7ce30e7d761a3666,rss,https://france3-regions.franceinfo.fr/provence-alpes-cote-d-azur/vaucluse/avignon/un-ancien-adjoint-au-maire-de-mazan-condamne-pour-detention-d-images-pedopornographiques-3407573.html#xtor=RSS-3-[lestitres],france3-regions.franceinfo.fr,2026-08-27T16:38:56+00:00,fr,Un ancien adjoint au maire de Mazan condamné pour détention d'images pédopornographiques,"François T., ancien adjoint au maire (DVC) de Mazan (Vaucluse) qui a quitté ses fonctions avant l'été 2026, a été reconnu coupable d'acquisition, détention et diffusion d'images à caractère pornographique par le tribunal de Carpentras ce jeudi 27 août.",https://www.franceinfo.fr/pictures/37MCHa3SYi8Sfi4w6syjfN5tSi4/432x243/filters:format(jpg)/2026/08/27/6a9068202b390155576648.png,data/images/08206224abcb56d8bc9995ce7ce30e7d761a3666.jpg,unknown,none,"Un ancien adjoint au maire de Mazan condamné pour détention d'images pédopornographiques. François T., ancien adjoint au maire (DVC) de Mazan (Vaucluse) qui a quitté ses fonctions avant l'été 2026, a été reconnu coupable d'acquisition, détention et diffusion d'images à caractère pornographique par le tribunal de Carpentras ce jeudi 27 août.",342,51
48d50b3da2da74a28c6c44341bdb16a6fa4079c9,rss,https://www.franceinfo.fr/sports/foot/ligue-des-champions/un-programme-releve-pour-le-psg-lens-recevra-manchester-city-et-ira-a-anfield-arsenal-a-l-emirates-et-reception-du-bayern-munich-pour-lille-decouvrez-le-tirage-des-trois-clubs-francais-en-lice_8165348.html#xtor=RSS-3-[lestitres],franceinfo.fr,2026-08-27T16:49:06+00:00,fr,"Un programme dense pour le PSG et Lens, réceptions ouvertes et déplacements piégeux pour Lille... Découvrez le tirage des trois clubs français en Ligue des champions","Le PSG, double tenant du titre, Lens et Lille connaissent leurs adversaires pour la prochaine phase de ligue après le tirage de jeudi.",https://www.franceinfo.fr/pictures/TY5HsL_-4usBpAXh5-v7gYbp6zA/0x80:1024x656/432x243/filters:format(jpg)/2026/08/27/6a90566420209563401482.jpg,data/images/48d50b3da2da74a28c6c44341bdb16a6fa4079c9.jpg,unknown,none,"Un programme dense pour le PSG et Lens, réceptions ouvertes et déplacements piégeux pour Lille... Découvrez le tirage des trois clubs français en Ligue des champions. Le PSG, double tenant du titre, Lens et Lille connaissent leurs adversaires pour la prochaine phase de ligue après le tirage de jeudi.",301,49
4a0cf43573ebe0419e710ad69ac700bb8da5d66f,rss,https://www.franceinfo.fr/monde/usa/presidentielle/donald-trump/en-pleine-guerre-commerciale-avec-le-canada-donald-trump-signe-un-decret-changeant-le-nom-du-lac-ontario-en-lac-d-amerique_8165573.html#xtor=RSS-3-[lestitres],franceinfo.fr,2026-08-27T20:13:30+00:00,fr,"En pleine guerre commerciale avec le Canada, Donald Trump signe un décret changeant le nom du lac Ontario en ""lac d'Amérique""","Les tensions sont grandes entre Washington et Ottawa, après la rupture de négociations sur les droits de douane.",https://www.franceinfo.fr/pictures/amEiT6s2xiOra7teSNeiONjjoV8/0x0:1024x576/432x243/filters:format(jpg)/2026/08/27/6a90799ca3e14753140747.jpg,data/images/4a0cf43573ebe0419e710ad69ac700bb8da5d66f.jpg,unknown,none,"En pleine guerre commerciale avec le Canada, Donald Trump signe un décret changeant le nom du lac Ontario en ""lac d'Amérique"". Les tensions sont grandes entre Washington et Ottawa, après la rupture de négociations sur les droits de douane.",239,39
316ed5ea2e2872175c3d2afbf0a1e4dcd2b37370,rss,https://www.franceinfo.fr/elections/presidentielle/dette-publique-retraites-reindustrialisation-ce-qu-il-faut-retenir-du-premier-debat-des-principaux-candidats-a-la-presidentielle_8165342.html#xtor=RSS-3-[lestitres],franceinfo.fr,2026-08-27T19:28:43+00:00,fr,"Dette publique, retraites, réindustrialisation… Ce qu'il faut retenir du premier débat des principaux candidats à la présidentielle, organisé par le Medef",L'organisation patronale a organisé jeudi à Roland-Garros le premier grand débat entre les sept principaux candidats à la fonction suprême. Ils ont été interrogés sur leur projet économique par des chefs d'entreprise.,https://www.franceinfo.fr/pictures/GRKuuyyCE2LNaG5y035IS02AleI/0x53:1024x629/432x243/filters:format(jpg)/2026/08/27/6a90827ad2b09046681618.jpg,data/images/316ed5ea2e2872175c3d2afbf0a1e4dcd2b37370.jpg,unknown,none,"Dette publique, retraites, réindustrialisation… Ce qu'il faut retenir du premier débat des principaux candidats à la présidentielle, organisé par le Medef. L'organisation patronale a organisé jeudi à Roland-Garros le premier grand débat entre les sept principaux candidats à la fonction suprême. Ils ont été interrogés sur leur projet économique par des chefs d'entreprise.",373,53
6e4380ef017ea14c2f2b25f99c5cecb885e9182f,rss,https://www.franceinfo.fr/elections/presidentielle/surtaxer-les-mega-heritages-ou-reduire-les-droits-de-succession-le-debat-fiscal-qui-divise-la-gauche-et-la-droite-pour-la-presidentielle_8163758.html#xtor=RSS-3-[lestitres],franceinfo.fr,2026-08-27T04:03:46+00:00,fr,"Surtaxer les ""méga-héritages"" ou réduire les droits de succession, le débat fiscal qui divise la gauche et la droite pour la présidentielle","A huit mois de l'élection, l'idée d'imposer davantage les successions ressurgit, sur fond de hausse attendue des transmissions entre générations. Mais cette mesure, portée par la gauche et la CFDT, reste largement rejetée à droite.",https://www.franceinfo.fr/pictures/8ML5tydqqLleryP7IpFRkrzFjxk/0x46:1024x622/432x243/filters:format(jpg)/2026/08/26/6a8efb4d1999f195942904.jpg,data/images/6e4380ef017ea14c2f2b25f99c5cecb885e9182f.jpg,unknown,none,"Surtaxer les ""méga-héritages"" ou réduire les droits de succession, le débat fiscal qui divise la gauche et la droite pour la présidentielle. A huit mois de l'élection, l'idée d'imposer davantage les successions ressurgit, sur fond de hausse attendue des transmissions entre générations. Mais cette mesure, portée par la gauche et la CFDT, reste largement rejetée à droite.",372,57
71d1b795f1406d59da1034108967974f49c6fd0b,rss,https://www.franceinfo.fr/environnement/crise-climatique/crues-meurtrieres-au-nepal-avec-le-changement-climatique-le-risque-existe-dans-chaque-massif-glaciaire-en-cours-de-rechauffement_8165141.html#xtor=RSS-3-[lestitres],franceinfo.fr,2026-08-28T04:46:24+00:00,fr,"Avec le changement climatique, le risque ""existe dans chaque massif glaciaire"", explique le géologue Patrick Wagnon après les crues meurtrières au Népal","Sous l'effet de la hausse des températures provoquée par l'accumulation dans l'atmosphère de nos émissions de gaz à effet de serre, les glaciers d'altitudes fondent de plus en plus vite mais peuvent aussi s'effondrer dans les vallées.",https://www.franceinfo.fr/pictures/FuAJD4-J9q4y_mjhJmoHGIoxkDU/0x300:5760x3540/432x243/filters:format(jpg)/2026/08/27/6a9045afc4dee233794331.jpg,data/images/71d1b795f1406d59da1034108967974f49c6fd0b.jpg,unknown,none,"Avec le changement climatique, le risque ""existe dans chaque massif glaciaire"", explique le géologue Patrick Wagnon après les crues meurtrières au Népal. Sous l'effet de la hausse des températures provoquée par l'accumulation dans l'atmosphère de nos émissions de gaz à effet de serre, les glaciers d'altitudes fondent de plus en plus vite mais peuvent aussi s'effondrer dans les vallées.",388,59
ed0c36623a544016c8f9d58cc214a63ded95ad4b,rss,https://www.franceinfo.fr/environnement/catastrophes-naturelles/crues-meurtrieres-au-nepal-j-ai-tente-de-l-appeler-mais-son-telephone-est-eteint-temoigne-un-nepalais-a-la-recherche-de-son-oncle-porte-disparu_8165546.html#xtor=RSS-3-[lestitres],franceinfo.fr,2026-08-27T17:02:46+00:00,fr,"Crues meurtrières au Népal : ""J'ai tenté de l’appeler, mais son téléphone est éteint"", témoigne un Népalais à la recherche de son oncle porté disparu","Plus de 1 300 personnes, dont quatre touristes français, sont portées disparues jeudi après les coulées de boue au Népal et au Tibet, causant au moins 362 morts.",https://www.franceinfo.fr/pictures/FCRUAMHWKqGRimaPj3fbICHjl0M/0x87:1024x663/432x243/filters:format(jpg)/2026/08/27/6a906da56b583537053070.jpg,data/images/ed0c36623a544016c8f9d58cc214a63ded95ad4b.jpg,unknown,none,"Crues meurtrières au Népal : ""J'ai tenté de l’appeler, mais son téléphone est éteint"", témoigne un Népalais à la recherche de son oncle porté disparu. Plus de 1 300 personnes, dont quatre touristes français, sont portées disparues jeudi après les coulées de boue au Népal et au Tibet, causant au moins 362 morts.",312,53
a114fa8f1d70d772b2c1855aa30783fb2102e34b,rss,https://www.franceinfo.fr/environnement/evenements-meteorologiques-extremes/orages/vent-pluie-grele-foudre-quels-sont-les-effets-du-rechauffement-climatique-sur-les-orages_8162069.html#xtor=RSS-3-[lestitres],franceinfo.fr,2026-08-26T13:28:19+00:00,fr,"Vent, pluie, grêle, foudre... Quels sont les effets du réchauffement climatique sur les orages ?","Alors que douze départements de l'ouest de la France sont placés en vigilance orange mercredi, franceinfo se penche sur l'impact de la hausse globale des températures sur ces épisodes météorologiques qui peuvent devenir extrêmes.",https://www.franceinfo.fr/pictures/bfvKe-LM-9-tsgAs4EkGzW89_Hw/0x625:6000x4000/432x243/filters:format(jpg)/2026/08/26/6a8ee4934b232034729518.jpg,data/images/a114fa8f1d70d772b2c1855aa30783fb2102e34b.jpg,unknown,none,"Vent, pluie, grêle, foudre... Quels sont les effets du réchauffement climatique sur les orages ?. Alors que douze départements de l'ouest de la France sont placés en vigilance orange mercredi, franceinfo se penche sur l'impact de la hausse globale des températures sur ces épisodes météorologiques qui peuvent devenir extrêmes.",327,49
bd465a8927df40ee213d61de7e14efcc59ffd7fa,rss,https://www.franceinfo.fr/environnement/evenements-meteorologiques-extremes/orages/un-violent-orage-s-abat-sur-l-ile-de-france_8165600.html#xtor=RSS-3-[lestitres],franceinfo.fr,2026-08-27T18:18:15+00:00,fr,Un violent orage s'abat sur l'Île-de-France,"Grêle, fortes pluies et inondations... Le département a été touché par un violent orage jeudi 27 août.",https://www.franceinfo.fr/pictures/SYYHy-OR6nUoVtImGi9dK1TEx34/0x0:1080x1920/fit-in/432x243/filters:upscale():fill(blur):format(jpg)/2026/08/27/6a907f4b604cd234902458.jpg,data/images/bd465a8927df40ee213d61de7e14efcc59ffd7fa.jpg,unknown,none,"Un violent orage s'abat sur l'Île-de-France. Grêle, fortes pluies et inondations... Le département a été touché par un violent orage jeudi 27 août.",147,23
